"id","growth_2_6"
7242,4.74411389361773
7243,2.24489270639848
7244,4.831539224077
7245,6.69645918696307
7246,4.55937992368861
7247,2.96273292265557
7248,4.79191029750289
7249,5.42048493411119
7250,1.4212155233468
7251,1.9991319694787
7252,3.31116634255131
7253,5.73746775650221
7254,5.21677783718652
7255,3.38067326373238
7256,3.57502354334077
7257,1.40028360515034
7258,1.40876192651343
7259,3.49594674155656
7260,5.54058032844213
7261,5.25004261821036
7262,1.01903763338
7263,5.14032256641083
7264,3.14086340546666
7265,2.81501859490641
7266,3.08037238906064
7267,4.3501006525097
7268,5.13552599809243
7269,0.912882152175914
7270,5.52354571557794
7271,0.179649447375251
7272,6.35378231867141
7273,3.87400087938972
7274,6.08616683886928
7275,5.65343288291932
7276,4.85097521257117
7277,1.79280475969489
7278,5.15414774953911
7279,0.897668761937289
7280,2.55713689008081
7281,5.97198168884376
7282,1.56379923191141
7283,1.51156736037447
7284,4.73646075900815
7285,0.554042288769861
7286,3.33657191886616
7287,6.89765073659343
7288,6.81824373979664
7289,5.10868925812549
7290,5.1475066727138
7291,3.33787656694336
7292,1.32903166000156
7293,4.74911300159154
7294,5.27752700793418
7295,4.74997000588031
7296,1.18202565320254
7297,0.415019767124956
7298,0.958546133044787
7299,3.63729741586309
7300,3.69447919614848
7301,2.89861938360683
7302,1.61567856525207
7303,3.65376876004016
7304,7.9202190872242
7305,4.31168884376825
7306,3.86931503896231
7307,6.00177543114486
7308,8.22438998731883
7309,7.60305838087719
7310,1.51564107746369
7311,1.65519262418285
7312,5.45493527561193
7313,1.73517917384687
7314,3.85325980019229
7315,3.98760911055999
7316,2.30105627413598
7317,0.39969394513847
7318,2.25785824124273
7319,3.71876794643835
7320,0.74950380193383
7321,2.82111467391795
7322,2.96543897185256
7323,1.89508764133905
7324,0.960167199463244
7325,4.65739701795028
7326,7.30603144281344
7327,4.43899726129107
7328,1.90333978625204
7329,2.43951510839439
7330,1.42659028317085
7331,6.15564432936539
7332,5.12507174578361
7333,2.03789134775306
7334,1.70196607090587
7335,5.76208065811345
7336,5.37411065765561
7337,2.76005204542042
7338,4.94088978049157
7339,0.0970895615560572
7340,6.98927443770206
7341,5.18795669624262
7342,5.02058162137795
7343,3.36136990122498
7344,5.62850885156874
7345,5.81977610491383
7346,4.8348172704081
7347,7.00267292131316
7348,5.09405075422392
7349,3.76820584966837
7350,3.38389544543258
7351,3.74240441580176
7352,5.07862144322718
7353,7.39899936135401
7354,6.05348631650715
7355,1.35943807908316
7356,4.14648614409877
7357,5.2051463660619
7358,5.58715172668077
7359,2.140589365117
7360,4.24907915609444
7361,0.490799846062965
7362,2.2837577908122
7363,6.90779604230341
7364,4.87860275708517
7365,7.02282180311178
7366,4.90344079057203
7367,6.53878060393398
7368,6.52363443928531
7369,0.631499787163865
7370,1.51249148700246
7371,3.26486056732401
7372,5.58970158711161
7373,5.20866553354461
7374,3.83232578692671
7375,4.03080909260348
7376,2.84863869271141
7377,3.03404931225708
7378,5.56871962060982
7379,0.841189926885559
7380,2.9948402242069
7381,0.700875525578551
7382,-0.51272486293663
7383,6.61808301316966
7384,5.38431147968444
7385,1.12061335672793
7386,3.88355775964011
7387,3.57107758674533
7388,2.93778343729985
7389,4.91495075334406
7390,2.77926065139008
7391,3.15333694196469
7392,3.92293056021967
7393,-0.298024933201757
7394,1.11939857625548
7395,3.92974246431093
7396,6.26892474234071
7397,6.0994381956886
7398,5.52087772127262
7399,0.84126009083636
7400,4.60181596090986
7401,4.52482494276571
7402,2.24934545606006
7403,5.40684068516427
7404,5.01379481881942
7405,0.624979421420886
7406,2.39782051179102
7407,6.86161832478404
7408,1.0619663866682
7409,0.835600753992797
7410,2.29934278067658
7411,2.00528953035077
7412,5.05785842977447
7413,3.64987115369216
7414,1.96631577224031
7415,7.31953860175456
7416,7.35829815318389
7417,3.16234775697456
7418,5.71247885003785
7419,5.27018327317787
7420,2.04657705283505
7421,5.95959898116992
7422,0.507971048591815
7423,2.86046473649139
7424,5.25690600890214
7425,8.1526044392171
7426,1.85462711429135
7427,3.56650447744316
7428,3.30978824325523
7429,4.86523379996364
7430,3.37695242187177
7431,3.62956808135619
7432,4.40766078528111
7433,4.59236810576624
7434,4.24105907227335
7435,4.39132390981892
7436,6.58898556664498
7437,2.2203825559267
7438,2.77980922605355
7439,0.773414822142697
7440,5.36894898574945
7441,6.32473144478488
7442,4.71955629641739
7443,6.03219598711213
7444,4.28449688367404
7445,1.64982792686873
7446,2.90146679860926
7447,2.45716518327613
7448,4.95213142788543
7449,7.57463129913918
7450,5.39176299780183
7451,1.30815890881258
7452,2.68943614037481
7453,3.25488458748404
7454,4.17996713492897
7455,6.20307953826275
7456,3.20110314653283
7457,5.68124810905099
7458,2.66522023961842
7459,5.07228183381935
7460,4.74246648604229
7461,1.54507735843671
7462,4.92372676956608
7463,4.9652437681854
7464,3.9097971659554
7465,1.54701649316645
7466,5.07810069745903
7467,5.61992935071166
7468,1.76726458615903
7469,6.42686103586181
7470,6.29587295830761
7471,3.89321742771302
7472,4.59360123411006
7473,-1.15644833939912
7474,3.92213269083788
7475,6.21397449653673
7476,5.019591147047
7477,2.15938625672128
7478,4.00088749448289
7479,2.76899318769487
7480,1.08710936807732
7481,4.46538615072446
7482,4.33455816906331
7483,5.5551445227416
7484,5.18092224573809
7485,3.76227471753039
7486,5.15650016100433
7487,6.24872350616845
7488,1.3798977636272
7489,1.86793491990791
7490,4.78433901711307
7491,0.920785365095645
7492,-0.00107770030648435
7493,3.36448816613226
7494,1.00316971104752
7495,7.31394487975307
7496,0.27270094831578
7497,4.51580768976908
7498,-1.14579633559178
7499,4.48156970103055
7500,4.02830154764057
7501,1.51111311489597
7502,5.19178109080731
7503,2.86149467236365
7504,6.80301361687266
7505,2.35227874585102
7506,6.71014346202844
7507,4.59064267855089
7508,5.11679000840571
7509,4.0176481497342
7510,3.29742032157883
7511,5.48251489074448
7512,5.18667714792965
7513,6.15226650124924
7514,5.8438954559099
7515,3.18131803328429
7516,0.545278473648704
7517,2.1970105883785
7518,7.55130417073932
7519,5.96501041028191
7520,6.79301057992366
7521,4.20975658880819
7522,5.43665817133441
7523,1.72900205681261
7524,3.46951851995492
7525,5.38092121795143
7526,2.23725669983173
7527,3.3533964566336
7528,2.48997625434857
7529,3.34636178040814
7530,4.93883964773292
7531,2.36938082868813
7532,5.20421449192217
7533,3.46723617295735
7534,4.38874714832192
7535,1.64671254871573
7536,0.726153848407197
7537,3.13458111143047
7538,2.26264799311442
7539,6.30090657950123
7540,2.24849573588635
7541,7.13743501917157
7542,3.95342558484722
7543,3.20590004996923
7544,4.26576003961627
7545,6.57330933694332
7546,4.49596141760248
7547,1.22865842449142
7548,0.367840306118334
7549,5.26454866580755
7550,2.7338455483141
7551,4.76949209001853
7552,2.10183359340901
7553,1.22149371024116
7554,3.88848523556002
7555,1.26425613205342
7556,5.2472871036008
7557,3.77116056850173
7558,5.37918647940383
7559,1.58461958837769
7560,1.66680074010434
7561,3.21491758611086
7562,2.19374702398916
7563,6.75421265075919
7564,4.98840256831513
7565,2.7265311552377
7566,2.06305642381641
7567,5.02892865306272
7568,1.97699085946653
7569,4.02911471794232
7570,5.78103149074556
7571,4.93405538123494
7572,1.43392571725028
7573,4.32300124831132
7574,0.17536190130301
7575,5.98693143748346
7576,4.70979378649879
7577,5.69821939050568
7578,3.35887989448993
7579,3.31465806105509
7580,2.9816625962717
7581,2.43512297473573
7582,7.24593549874939
7583,3.53075118078151
7584,1.21111213706316
7585,2.59705197417804
7586,1.15115956302388
7587,1.26566981163296
7588,5.12049646168838
7589,2.55959934130402
7590,3.95025694939042
7591,6.57003580079289
7592,0.900178317773455
7593,0.0911718222827278
7594,6.14234227610386
7595,6.2522593468766
7596,3.39431357293218
7597,5.05461134806479
7598,2.95478039118807
7599,3.37543590963312
7600,4.14034673338754
7601,1.50718237471565
7602,2.6590850021585
7603,3.1473644908595
7604,5.90993628137916
7605,2.63746651890503
7606,1.6334594869846
7607,2.82499793429685
7608,-0.5658961010033
7609,5.43766388165045
7610,3.11046164941616
7611,5.11994499681487
7612,5.39930896040247
7613,1.7570892104073
7614,0.233985046495692
7615,1.28944066824708
7616,4.02268774101956
7617,8.19073458264157
7618,1.05022007493843
7619,4.82888810170697
7620,1.0466703003496
7621,6.09754945968216
7622,3.07079998890929
7623,7.39222606840894
7624,2.49997071685636
7625,4.13051407823284
7626,4.57843430549375
7627,3.09488718664381
7628,4.33104390003102
7629,5.6110719864357
7630,3.89543897461654
7631,0.997161591216122
7632,4.69461250751846
7633,5.88943797844696
7634,5.86802160717748
7635,1.7402525907483
7636,3.69091144915413
7637,4.0340867330745
7638,0.109828776905319
7639,5.41200991392477
7640,0.873435341256092
7641,4.50837563921136
7642,2.3581638848338
7643,3.96506732851043
7644,4.2973478950053
7645,5.89413015770249
7646,4.94179335574756
7647,4.92064778384061
7648,3.90332730664753
7649,6.05131608659343
7650,2.77448355440285
7651,0.305078568874877
7652,3.08966166325481
7653,5.26593341242532
7654,5.37996661047559
7655,5.69839923572665
7656,5.73421098116432
7657,6.31531971778732
7658,6.70712571856933
7659,5.08596080914518
7660,3.80931854801748
7661,0.284680032030886
7662,3.24988619084882
7663,0.594573884276499
7664,5.52184570279463
7665,3.36922463041789
7666,2.04832979787519
7667,3.78980640388099
7668,6.81995209811924
7669,2.99202898005287
7670,5.1556694547707
7671,3.13137431416786
7672,5.4167904518716
7673,5.68065042950222
7674,7.05310496423541
7675,3.82782659737038
7676,-0.724805910068825
7677,2.08034878373722
7678,6.08114225779975
7679,7.57871479667141
7680,3.3209936797898
7681,1.78305743141703
7682,2.84213390915933
7683,2.93270274571633
7684,1.13115712984541
7685,2.05237801227886
7686,5.32983297428673
7687,3.94427345509483
7688,5.55666321361363
7689,1.54514078637137
7690,3.59956310543143
7691,2.50085188113726
7692,4.01042106491372
7693,2.8742821270113
7694,1.9202180943619
7695,0.24675224207983
7696,6.21930189553874
7697,1.6873236561015
7698,5.07043459894813
7699,2.92372453573865
7700,7.76768318118502
7701,3.62023197408393
7702,1.93040018758777
7703,5.00650442085744
7704,3.75516723966209
7705,3.49505260207331
7706,5.13957549517226
7707,2.26136607181649
7708,6.80047132733892
7709,5.75821636661581
7710,6.72581673906015
7711,1.75630310530547
7712,5.41480481016651
7713,1.50197353924551
7714,4.94388638463917
7715,1.68819462483696
7716,0.80104566704387
7717,5.58300992655287
7718,5.49662315216687
7719,0.0140820519963363
7720,5.72828914182251
7721,4.63888129311244
7722,5.05778316814469
7723,3.25461052489154
7724,6.20546155804481
7725,0.949699506329645
7726,4.47605980980263
7727,2.88360441138166
7728,5.16435088842069
7729,5.03941396829344
7730,5.27363820890046
7731,4.23111753885176
7732,1.82899567454335
7733,6.13291714588399
7734,7.27004860866981
7735,0.365535190461926
7736,4.74396444681207
7737,6.02000502010956
7738,4.71516380878649
7739,5.30608760988229
7740,1.89944849995055
7741,4.82552175154092
7742,5.36518745497754
7743,5.94592026284889
7744,1.05165332187996
7745,2.90246150819233
7746,0.732606656427607
7747,0.145003846182144
7748,3.21564870325354
7749,0.375952588566957
7750,2.84137777209688
7751,0.565221305082672
7752,5.46525690368665
7753,4.35408658784068
7754,2.57814920083567
7755,0.871355463471905
7756,0.79324458927438
7757,5.21038169663617
7758,5.82202142547629
7759,4.38972311151367
7760,0.374594314042222
7761,1.98632456416177
7762,-0.370624375900751
7763,3.59908011585642
7764,2.33296458255048
7765,2.01259989965503
7766,5.55541412084694
7767,6.28371472663688
7768,1.53667382960646
7769,6.84868209255273
7770,5.57232094966742
7771,3.34879112249282
7772,3.86064721056592
7773,5.320916985826
7774,2.93040880966543
7775,5.20920728926944
7776,4.42655230184065
7777,4.56471434315922
7778,5.6762709365315
7779,4.61610356528142
7780,1.49253015562549
7781,1.30642904772865
7782,5.67046069210171
7783,3.07393142329034
7784,6.23379956485931
7785,0.271277310485076
7786,-0.539025669477768
7787,1.32649319413155
7788,0.789808113905886
7789,6.07000247748864
7790,2.9453284718155
7791,4.94874274188748
7792,5.16817096888686
7793,3.57548913696788
7794,5.10559292603601
7795,5.8737680149602
7796,3.86219064731452
7797,5.38344119743073
7798,3.0647255068311
7799,3.62531173845209
7800,3.97861762512091
7801,2.91851451307024
7802,4.05578853552301
7803,4.98039716358224
7804,5.32614188498999
7805,3.92161274947333
7806,4.9031394265129
7807,5.93820817490653
7808,1.21297443595811
7809,5.59951489341012
7810,1.56961489116428
7811,6.11494783874452
7812,5.01969745441045
7813,0.0418774929663019
7814,3.19800503987588
7815,4.71636104403723
7816,1.50362719171632
7817,3.31112903561386
7818,3.03669560915794
7819,5.59240119188477
7820,3.09896999129917
7821,-1.94772721782635
7822,2.37475892909355
7823,5.67102181727513
7824,2.39445794719822
7825,1.50422056150019
7826,5.5841938162869
7827,4.99406569021386
7828,3.6515023740394
7829,5.81431716333241
7830,5.22649390675983
7831,6.57514613325833
7832,3.55675314244085
7833,3.78017512064814
7834,8.03459949119476
7835,4.62292263506147
7836,0.763173845032925
7837,5.0397861962344
7838,3.0997847091378
7839,-0.550832620085798
7840,1.44743757856245
7841,6.35004952504293
7842,5.15038761249832
7843,2.93881252168877
7844,8.03841857891075
7845,3.77493999998828
7846,5.98255744861228
7847,1.7732763015226
7848,6.89245138557759
7849,4.6435089989952
7850,5.15985464863689
7851,2.8727794810449
7852,2.67710288008515
7853,0.884973537280233
7854,6.72424619960108
7855,3.50847904894112
7856,5.09823330497952
7857,1.788330657047
7858,4.85486862350333
7859,4.13054928083404
7860,4.89950550124828
7861,7.82695083029613
7862,2.74831092980924
7863,2.6547825943236
7864,5.67482797517299
7865,4.52593807716129
7866,5.11999242620774
7867,3.30415898620466
7868,0.621360302888696
7869,2.74725909608676
7870,4.46391994893246
7871,5.34114898048894
7872,5.04575120260448
7873,-0.763918721331386
7874,5.26390956959417
7875,0.786052945475758
7876,1.1662881436715
7877,8.0371439072071
7878,1.99997774318464
7879,0.155565476299462
7880,5.17359007676201
7881,6.13543534654647
7882,3.7120422279204
7883,6.52913216134936
7884,4.8357742567916
7885,5.26819056082163
7886,0.184060800966813
7887,4.72294661304976
7888,1.20407568817829
7889,2.04147884996714
7890,4.92105143039937
7891,5.57360610753253
7892,5.84119685785116
7893,0.482491007653246
7894,0.831745671620989
7895,4.91746111931235
7896,7.53708172149828
7897,3.06940085050726
7898,6.00747332103612
7899,4.29510956579894
7900,3.86461319763517
7901,2.1125368066329
7902,6.54529561008042
7903,-0.200066558614824
7904,0.989642675468333
7905,3.82238049307213
7906,5.73946180402092
7907,1.86195018023436
7908,2.54743314932784
7909,0.399614209667184
7910,3.53765577333938
7911,6.3160722869424
7912,2.14716354339612
7913,2.39592418543915
7914,5.25982810092668
7915,6.052643008661
7916,5.10998717883905
7917,2.42040749673548
7918,1.27335006283498
7919,3.63288113698678
7920,3.13766746805039
7921,5.77598794428369
7922,6.32338252813996
7923,4.52278152923736
7924,0.672733204530018
7925,2.54989939141264
7926,6.00025995278109
7927,1.45724608604334
7928,2.50946847650895
7929,6.92191428367706
7930,-0.596562173353878
7931,0.200728534387296
7932,1.15071846249503
7933,3.9576303579578
7934,6.15072893286478
7935,3.72622934803726
7936,6.07054758689574
7937,1.58609983812499
7938,0.636371904119988
7939,0.270257330598971
7940,4.08086517032074
7941,4.78455891924446
7942,3.05521718533835
7943,5.332620501114
7944,3.46107926068194
7945,5.29823513893163
7946,1.21352336918743
7947,5.55652348775355
7948,3.54964698186489
7949,6.74248225932467
7950,4.83729492007285
7951,3.2404794919905
7952,1.09731631631373
7953,1.48332007458503
7954,4.69041400408317
7955,5.78672728430035
7956,3.52284725760906
7957,2.8593119476814
7958,1.28924614762055
7959,9.48446497486941
7960,5.71506484512044
7961,5.8563150788795
7962,6.63958448019195
7963,2.46264198515393
7964,4.69217500887089
7965,0.88848583730696
7966,6.18912909761959
7967,3.84971377975293
7968,4.21137192865567
7969,5.98061379105549
7970,4.56037860930766
7971,3.46621719893164
7972,1.52525955327108
7973,7.59056378736248
7974,4.89955284019186
7975,3.31305426296868
7976,1.42441810709825
7977,5.73177997433835
7978,4.72689514892585
7979,3.77994630650262
7980,1.64563999097529
7981,6.57298964327591
7982,3.3611592998974
7983,3.63084683854987
7984,1.03233599880045
7985,4.99385363521018
7986,4.39115566217915
7987,6.74620188410411
7988,5.52212368456224
7989,5.10911390868561
7990,4.61289076015012
7991,7.57222508517561
7992,3.96554263834561
7993,3.93672983107408
7994,5.58206211038654
7995,5.98670721809984
7996,7.03895941889203
7997,-0.441560781002409
7998,1.36856516513406
7999,-0.185104252052579
8000,0.283188310884356
8001,1.9723098472723
8002,2.21473385116761
8003,5.50162384420872
8004,3.2910858221474
8005,5.51305344947789
8006,0.732535453785713
8007,5.67475134626702
8008,3.66401861795658
8009,1.27655909790202
8010,2.1929589380763
8011,5.3220632828397
8012,6.87225296833614
8013,1.611172865269
8014,6.65982252303663
8015,1.25514807516216
8016,4.66455035136259
8017,5.43312860429572
8018,3.04987769851487
8019,5.97193132336906
8020,4.62706803892998
8021,5.54132136622587
8022,5.65658300828242
8023,2.05652180300448
8024,2.5559036794678
8025,0.710069101954861
8026,6.54234713748566
8027,4.32927945986642
8028,3.43387076952391
8029,3.39972033117899
8030,5.48880340318234
8031,6.13623463329715
8032,4.63547032995551
8033,6.4950593140934
8034,6.16881890700293
8035,6.21616810454042
8036,5.93338497256946
8037,0.830794922849746
8038,7.22168309514852
8039,4.60757360572262
8040,4.68963320598159
8041,-0.378794056723803
8042,4.52900904294694
8043,6.3822302259357
8044,6.03072565131506
8045,4.36379382731257
8046,4.46791187244943
8047,5.00148631059943
8048,5.5766707791522
8049,6.02597108816137
8050,4.63735798297518
8051,4.49624781186163
8052,2.92888842134285
8053,-1.15528087500999
8054,8.04694996675681
8055,6.39890318210368
8056,3.71313594618081
8057,0.854536454058917
8058,2.19977752790325
8059,6.57857857993617
8060,4.32192457319787
8061,7.52336063971013
8062,-0.20008279480007
8063,7.35152105735159
8064,0.308409999952659
8065,2.86786951316204
8066,3.48417556908078
8067,4.5210799243255
8068,5.34189631719649
8069,5.8264877473095
8070,1.74540116561829
8071,1.22443439051426
8072,4.22088648256812
8073,4.76887567555764
8074,1.29689470292371
8075,6.99748316788042
8076,5.73902687556436
8077,0.66724012484265
8078,5.51196605274808
8079,2.06410504378862
8080,6.28446614746115
8081,0.774080295061275
8082,1.08052612726167
8083,4.28292886776937
8084,2.45114737876367
8085,0.757846172361739
8086,5.75532269217542
8087,2.65441627103101
8088,0.455922403999696
8089,5.19379881840938
8090,5.50771433424616
8091,2.91943295138456
8092,6.94584646023131
8093,8.69863476679425
8094,1.58323736626117
8095,3.23886602475819
8096,6.36314856841452
8097,2.40473321641802
8098,4.43385485556851
8099,7.66550587383692
8100,0.871364841016167
8101,3.30530082581886
8102,1.12667617693789
8103,-0.257423093866809
8104,2.0171263528195
8105,4.74838097433827
8106,0.708478937267721
8107,4.55279946276096
8108,3.09048436538955
8109,5.94206288113449
8110,2.19094971376758
8111,1.08814066505229
8112,3.39862354516465
8113,2.14337303663478
8114,0.498264072977198
8115,5.3228866512996
8116,6.96037335256971
8117,4.78158905780944
8118,0.653951182001846
8119,4.73358887509286
8120,5.02057969273266
8121,5.5077675524647
8122,6.70217886002125
8123,5.40934646799214
8124,3.06293697301566
8125,3.34551545934556
8126,3.52728515408278
8127,5.53503055652405
8128,6.29190361441137
8129,3.78426429121399
8130,5.68171831740461
8131,1.98399401306366
8132,3.25159990385823
8133,-0.795877777007486
8134,0.597539133792852
8135,4.37958761220767
8136,1.15694496113821
8137,5.28532959042047
8138,4.41468344209293
8139,4.3282043983047
8140,4.45587704356264
8141,3.30375369101379
8142,6.63494144552484
8143,3.62608203317916
8144,2.89615838791298
8145,4.49417908042018
8146,5.91568200425569
8147,5.85477800792846
8148,5.83457324483376
8149,3.55798003276948
8150,6.16959775480976
8151,4.46579507707867
8152,4.56603283102856
8153,3.91106062637871
8154,0.37283596594155
8155,5.4302723836575
8156,4.46476883550799
8157,0.593303973672933
8158,5.87023904308014
8159,4.80203158275397
8160,5.56323702421302
8161,4.57395811701935
8162,5.8743396459813
8163,1.08059417759895
8164,1.35090417070633
8165,1.40119427349012
8166,5.12598557961237
8167,-0.456375832578295
8168,5.26300076427293
8169,0.185240798827174
8170,4.19677599532032
8171,2.08117239338924
8172,8.15731690589933
8173,4.45858113919842
8174,5.32429098849112
8175,1.24240394550318
8176,2.51649688100233
8177,7.70427350132206
8178,3.65498614273338
8179,4.39150683949918
8180,6.08438661497838
8181,3.52172646881678
8182,2.45575408375994
8183,5.60834423911441
8184,4.71311419244897
8185,5.05050895660207
8186,5.61163468260655
8187,8.01773414401445
8188,3.48368813988945
8189,6.89047142899109
8190,5.71240528641068
8191,6.65230781281979
8192,3.17157607945948
8193,-0.777856909276816
8194,3.43734029949086
8195,3.51156006816598
8196,5.1189562784456
8197,6.52720980299168
8198,3.34519837904567
8199,3.86667853619462
8200,0.951009744388856
8201,2.45223987505875
8202,5.0486031771505
8203,8.00357839465469
8204,4.87802702919724
8205,4.95021163747122
8206,1.62111663793458
8207,2.60031803442094
8208,1.58650829125846
8209,4.94076843175325
8210,4.09874921862352
8211,4.75900741887467
8212,4.19279598285919
8213,3.04402123456028
8214,6.10014909070034
8215,3.19574576845892
8216,-0.0537952039994192
8217,5.18748205210118
8218,2.6794442697641
8219,5.85267806215676
8220,8.57765899831618
8221,2.84548914993501
8222,2.45037266102575
8223,1.34951706681054
8224,1.53504058349187
8225,4.06643102645694
8226,4.38622716711193
8227,3.50535545598877
8228,2.87688565113363
8229,4.7479052225869
8230,4.55402681398725
8231,1.86994270222692
8232,5.37477718335978
8233,1.91130519015199
8234,5.18278791901118
8235,-0.533992236014481
8236,5.32660177099097
8237,6.49027221299669
8238,8.67109131279263
8239,1.92552256635214
8240,2.09046328364867
8241,0.49890177893819
8242,6.86019935902428
8243,5.43372955350757
8244,5.57105927332711
8245,0.566271379913052
8246,4.54284158972375
8247,2.01306630400584
8248,0.731387611568913
8249,3.92465952862169
8250,5.49805646464047
8251,5.14012860061842
8252,5.89755087084399
8253,5.50112001239011
8254,-0.275340485746938
8255,2.05833778287819
8256,5.53069755611057
8257,5.37607100755765
8258,4.88637022356292
8259,2.6837411517439
8260,5.02287237013195
8261,5.94049137524538
8262,4.27296199519201
8263,4.88883482045231
8264,6.94337008226323
8265,4.52881736118546
8266,3.69597365696417
8267,5.09214872115164
8268,2.93945443204049
8269,0.497997541762535
8270,5.22570224606416
8271,5.30195675815981
8272,4.13833517101395
8273,7.3655299395027
8274,7.58391773963537
8275,4.71213166577282
8276,0.547163859934477
8277,6.46674289066307
8278,1.84997242254838
8279,5.19793768735761
8280,5.93836093587602
8281,2.54363447612594
8282,5.08064109732309
8283,5.06624045961073
8284,5.08195622959644
8285,-0.260571441895036
8286,1.31212127459435
8287,5.54807746528608
8288,4.5793181377317
8289,3.49702776448603
8290,2.93625030900367
8291,3.31719786266797
8292,5.1973767023915
8293,5.99141843579987
8294,5.13775107840986
8295,5.4329374893432
8296,5.05439249487582
8297,4.4088191012515
8298,6.34854336701316
8299,1.72482117485653
8300,3.3357130871996
8301,3.19820380130406
8302,5.16803216591591
8303,4.64885547836011
8304,2.76059487606482
8305,2.98254485022337
8306,4.50539785889531
8307,-1.12988496198119
8308,3.87822653601166
8309,5.76338546684476
8310,6.28363567387182
8311,6.51204316359684
8312,5.18080998657843
8313,5.27537725187384
8314,3.40318538057195
8315,6.02498358875307
8316,6.54660148016682
8317,1.4627061369025
8318,4.22790943206575
8319,6.42819330228337
8320,3.669315312888
8321,5.56974474532746
8322,6.08347936817327
8323,5.0585102269104
8324,5.60230120404556
8325,4.90924365889135
8326,0.307441809808844
8327,4.77406948453325
8328,6.01373401777031
8329,2.32746416809905
8330,4.10026485060691
8331,1.86582103152973
8332,2.38275944036467
8333,3.42389796748099
8334,5.64569674338732
8335,1.21307374957541
8336,0.491161765620499
8337,2.862868290625
8338,3.46260011828455
8339,5.5061082746574
8340,5.14811300291009
8341,0.679035717162171
8342,3.90182408203813
8343,6.3764398309267
8344,3.64914903744125
8345,5.02768787090722
8346,3.54957105493525
8347,6.38800033413761
8348,4.88047281802625
8349,4.96709121752467
8350,5.03335779186135
8351,6.52907695589537
8352,4.21113111462193
8353,2.0769084308133
8354,3.47119454574693
8355,0.830396923631696
8356,4.852383961591
8357,-0.661335652960044
8358,1.88199693027997
8359,7.07946856067712
8360,6.72120368009079
8361,3.42354040448274
8362,4.1637935105994
8363,6.92903014266564
8364,2.12875824509322
8365,0.391701868925114
8366,4.04841477016937
8367,4.46947360938075
8368,4.3110135657291
8369,5.47427238618264
8370,4.22588528396908
8371,0.0746861856590746
8372,6.03630836187262
8373,1.66481274703127
8374,0.552945389945052
8375,0.180285878448089
8376,5.04251356150928
8377,8.3688584985747
8378,5.85022465038614
8379,1.16973943730781
8380,4.64299151618703
8381,1.42264878220719
8382,0.41818722394255
8383,4.38656332384551
8384,4.46325378448291
8385,2.29689259713995
8386,5.44245986517664
8387,2.53344132319422
8388,3.50198764325551
8389,5.48273375358499
8390,3.41451410838969
8391,5.37151971615906
8392,0.901939119716397
8393,0.436260786233037
8394,4.76382402870826
8395,0.971536825516328
8396,5.31197328290291
8397,2.12781844889661
8398,3.36448125619551
8399,4.60974544546185
8400,3.08216452261944
8401,5.2308818243894
8402,6.40510063845048
8403,1.40523560633286
8404,5.13959989137936
8405,3.17199678414358
8406,5.48184229552962
8407,2.99328859971004
8408,0.785542856093404
8409,6.18671446411802
8410,5.15057648157199
8411,4.8864076095876
8412,2.08700840896754
8413,-0.135926671513208
8414,1.85826322178201
8415,5.42684832269315
8416,2.14529647951839
8417,5.83770650039031
8418,4.62960925711775
8419,0.47203009135161
8420,5.82301160445767
8421,5.45264765599715
8422,1.47571722649497
8423,5.89720184410871
8424,4.64739931323115
8425,3.44768712997141
8426,4.24803613089387
8427,4.51223095122433
8428,3.46039010938209
8429,5.16543227245135
8430,4.29581955491539
8431,5.34250367127893
8432,3.08164242692098
8433,4.54763964988267
8434,4.94753148611374
8435,2.52122097397982
8436,6.49027233631354
8437,0.91737025066671
8438,5.47777653987846
8439,6.71483668384691
8440,7.09143561007564
8441,4.79147290691269
8442,6.70456279569033
8443,0.193901574802359
8444,3.14851774611104
8445,1.98055383998466
8446,2.99479081385155
8447,1.4655225172025
8448,-0.772045683331253
8449,3.78737801706403
8450,6.61112922215417
8451,6.48498906096273
8452,0.453956485073136
8453,2.83014474822998
8454,7.25545268787171
8455,4.08310258564109
8456,3.14692975820871
8457,4.8922042454193
8458,6.16621763821946
8459,5.3021228374873
8460,0.582881306506723
8461,3.17379415828137
8462,1.36273972774538
8463,4.67354241810355
8464,2.81645695109759
8465,0.460958484785067
8466,-0.0491410423757439
8467,5.48888275293583
8468,3.29660241045451
8469,6.1759879275383
8470,6.27250810685019
8471,0.218360670017978
8472,6.38659840885579
8473,2.6851484433671
8474,4.82762276094729
8475,1.26377504538121
8476,5.18699428790462
8477,5.21860774078755
8478,4.86609854678111
8479,6.67183776368775
8480,1.92345503366419
8481,0.978570303572948
8482,1.56364225076251
8483,4.28089914488224
8484,6.77569428990976
8485,4.92204301146068
8486,5.81764552524796
8487,2.56358312840137
8488,1.5369830616329
8489,0.909235000340094
8490,6.38593730455236
8491,1.81666300693232
8492,7.18996240906731
8493,5.03874606043373
8494,5.34115763098163
8495,2.94326373340766
8496,4.54512657574547
8497,7.49264160674382
8498,6.05850353472733
8499,1.5033226915465
8500,8.36861766653277
8501,1.33622200964531
8502,4.94246710343906
8503,3.68152756732205
8504,5.15166160942088
8505,1.40178076629052
8506,6.24905252973853
8507,1.7562837438357
8508,5.47657576194218
8509,5.68035454500156
8510,2.0662095705194
8511,5.51791710290578
8512,2.98242885326993
8513,6.14482657089553
8514,4.78481745411838
8515,6.60107746879317
8516,4.39932436157959
8517,4.69250044790438
8518,2.69821136949077
8519,1.34881748948429
8520,-0.737044163022113
8521,6.33482856913526
8522,4.88863860775302
8523,2.13882175425932
8524,3.37281795090599
8525,4.67707418794338
8526,5.62799900909666
8527,2.62297841946431
8528,-0.316945000429365
8529,7.04048394460642
8530,3.47568600345469
8531,2.82683679072905
8532,4.11217220031697
8533,3.16089651709962
8534,5.78134931557523
8535,5.14133727209874
8536,5.00303084618772
8537,5.44921167858292
8538,4.16564816371181
8539,3.92684876235294
8540,7.44822323964006
8541,2.26643362584491
8542,4.38809802033169
8543,6.22834737848519
8544,5.25723470012958
8545,6.41795443400023
8546,3.93300942821536
8547,5.12340616719342
8548,4.12979546523481
8549,2.64028058722258
8550,2.45129666448157
8551,5.66839442912481
8552,6.04389922596387
8553,5.73307066275814
8554,0.600094209760679
8555,3.89347507278379
8556,5.3809858816033
8557,2.73061552251761
8558,2.24244157427391
8559,1.34779700399614
8560,0.477841828106706
8561,5.56475274306474
8562,5.92769598513413
8563,0.903075163266605
8564,4.94820608218613
8565,0.131917640146013
8566,5.71294687870223
8567,6.26626619918874
8568,3.59550474385811
8569,2.43698145869815
8570,6.25524613275278
8571,5.83634615961892
8572,4.25870665835481
8573,6.67132739531256
8574,1.16862352699318
8575,5.92082784586443
8576,5.86011915893789
8577,5.93741726169573
8578,0.856171825374945
8579,0.481686274883657
8580,2.24646227932858
8581,4.33135023392869
8582,3.09100906256251
8583,2.9898983106055
8584,3.31566346384981
8585,5.51779429535436
8586,0.261187736924944
8587,2.83827191238835
8588,3.83510999816994
8589,2.88373465249113
8590,4.41093679041219
8591,1.22801589596044
8592,1.79945525287011
8593,2.78633742203197
8594,6.2114456113926
8595,2.41492604410269
8596,3.38570957287382
8597,6.33887815303022
8598,0.453760094673223
8599,2.0795319395684
8600,4.09334036910533
8601,7.1183032741277
8602,2.61499231974321
8603,5.20109013351774
8604,4.69666114483634
8605,3.17017712924792
8606,4.99978193497917
8607,4.71941311164023
8608,4.64612272167676
8609,4.59653762913636
8610,5.73032006381806
8611,0.339133283016374
8612,0.268972086508834
8613,5.8640112258341
8614,3.67069402497676
8615,3.04122071498001
8616,5.43890595373212
8617,2.32495046153108
8618,7.54088667934976
8619,7.65532227725572
8620,5.35454227422502
8621,3.67646351254445
8622,4.17654242402325
8623,4.9295302923528
8624,3.98410865842415
8625,4.97283697501676
8626,5.43706653963235
8627,4.86979404870488
8628,4.59061840314287
8629,2.39854215586363
8630,4.23173876833715
8631,2.5197733303379
8632,2.76568668282642
8633,0.893339288157507
8634,0.555983857649186
8635,4.41894149243107
8636,5.25359867348162
8637,6.44220219106488
8638,-0.651367000728294
8639,4.96332966993785
8640,6.11813444660965
8641,2.53724614156825
8642,5.66902657609964
8643,4.1669177535532
8644,3.86617881497721
8645,5.06832063716569
8646,5.51544101680859
8647,6.04135436179727
8648,5.45343392112869
8649,5.88935994412532
8650,6.28541240286016
8651,8.81855630101527
8652,1.89915879297825
8653,5.65980518806581
8654,4.34148718806745
8655,3.17362289788126
8656,5.32163106863608
8657,0.855676860675297
8658,5.63316173646685
8659,3.62785192011558
8660,5.38066964524936
8661,3.70722481777333
8662,3.7828031399138
8663,-0.414483855862196
8664,5.11448678797455
8665,5.74379771741142
8666,3.48405776730309
8667,2.37738276008473
8668,2.11471847249761
8669,4.09612642699506
8670,7.02518960368855
8671,4.69472720233771
8672,4.21723542194633
8673,1.0382016677331
8674,6.47755855339931
8675,1.84286116513825
8676,1.46821387016473
8677,3.39837505527075
8678,4.45263173311814
8679,4.61272024772264
8680,1.4860260088139
8681,6.10628578784088
8682,3.17235812888606
8683,4.52814165714614
8684,1.38879332624038
8685,6.60318864809342
8686,6.98632586511816
8687,6.10897063445162
8688,6.30008411008938
8689,3.84286291961928
8690,1.1405340693327
8691,6.13412064050578
8692,1.04611639014621
8693,5.32143326829174
8694,-1.14638295875128
8695,1.9751169298209
8696,4.07065295701862
8697,3.19776286325238
8698,4.0205859657746
8699,5.71111555381164
8700,1.5695272189429
8701,1.81202751253378
8702,0.424170237250878
8703,4.67741873123975
8704,2.65809192220338
8705,1.2934000849362
8706,4.4673372655273
8707,0.640392688129047
8708,5.25660982272589
8709,2.95290814926807
8710,5.18143097608097
8711,4.17070170072414
8712,3.80089309080895
8713,5.99334050698911
8714,7.43561392452297
8715,-0.329728755450006
8716,4.49864966212853
8717,3.74451236060129
8718,3.9260503403739
8719,0.386728713239005
8720,5.07388878730898
8721,0.851111590166557
8722,1.49526114364019
8723,3.68588981474904
8724,6.73742015006832
8725,3.79222179743359
8726,5.62271025563067
8727,5.00528678912778
8728,1.19930412007556
8729,3.30569474409526
8730,2.63592187959775
8731,-0.32847756175125
8732,4.07508610854353
8733,4.55536637427004
8734,0.898804572108892
8735,4.2620835246259
8736,0.812944446777377
8737,5.49693867218021
8738,5.54808525332435
8739,1.66320539340706
8740,2.77344782299278
8741,4.69174977156014
8742,2.94065848784037
8743,3.10939704686268
8744,1.28353557068715
8745,7.39398672965702
8746,4.99449879524491
8747,5.6782316165174
8748,3.49790719359108
8749,3.40147602970448
8750,5.81588166169923
8751,2.63325251654757
8752,6.55312885093612
8753,0.0628779410616032
8754,4.85027768604279
8755,5.85747639903809
8756,0.561664951168822
8757,3.68846580570499
8758,1.2836164737045
8759,3.4462180452011
8760,3.64853337618766
8761,1.38319186750901
8762,1.32730626968575
8763,3.77367944713096
8764,3.93478882177224
8765,3.32574291031133
8766,2.55509270897785
8767,4.78656867860929
8768,1.60229032272883
8769,4.37678959106875
8770,3.48031410457073
8771,0.497486383211714
8772,3.33114174754912
8773,3.57660115511599
8774,1.14637644958882
8775,1.88549840756527
8776,6.20111904007453
8777,5.91393377086833
8778,4.48176896205798
8779,0.878294772829412
8780,1.04220888181356
8781,3.71553328198528
8782,6.0158341766318
8783,2.22829353741597
8784,6.11312717247409
8785,3.33250542226208
8786,2.63132198206004
8787,4.53475866424989
8788,3.71575315363674
8789,5.67038136338058
8790,5.0283350358664
8791,0.731264852695421
8792,0.525256474703929
8793,0.784085760035254
8794,1.31276215495491
8795,2.14158662101104
8796,1.40287187715895
8797,6.34116877673158
8798,7.29040405568325
8799,3.69915327495184
8800,7.15947123821195
8801,6.09322919856165
8802,1.19814901249404
8803,4.29309956452223
8804,3.63760214613726
8805,1.71222959722695
8806,5.23105039554254
8807,-0.0771376471627341
8808,4.42334304068993
8809,4.45408635624746
8810,7.08472696884202
8811,2.08421806869034
8812,0.527873263760188
8813,5.28780110327683
8814,1.43615169969275
8815,3.36526247562941
8816,1.37563407090419
8817,6.63496503451513
8818,2.65387864228112
8819,5.20393830474305
8820,1.32030684265461
8821,4.73180887838647
8822,3.55492382694655
8823,5.55514489751416
8824,1.33053768318469
8825,2.95085659781195
8826,3.40097601938587
8827,1.667725778867
8828,4.37514299105407
8829,5.30654590450989
8830,0.957681439952315
8831,1.27799104978144
8832,6.60671622975013
8833,5.28652955511063
8834,5.87875651463262
8835,4.99070608955958
8836,2.63799719128438
8837,5.24940200495369
8838,4.34489058852293
8839,1.3272263424071
8840,4.00564040739001
8841,5.08288152368457
8842,4.54570561861651
8843,5.7785154945254
8844,6.0317380161454
8845,2.78470667494948
8846,1.02251245910098
8847,5.42608582114056
8848,2.04317025909981
8849,2.20151172075206
8850,3.60906692778155
8851,4.55165781236687
8852,4.26807352627922
8853,6.4647403767583
8854,4.1553273355054
8855,5.31204221548414
8856,5.17366993297195
8857,1.58268856497814
8858,2.8954475058224
8859,4.52729005791938
8860,5.72186534862404
8861,3.20077940539267
8862,2.32042802744076
8863,2.82576891790161
8864,1.43081658083323
8865,3.76971070909848
8866,4.06826259336276
8867,5.46933203346526
8868,6.96660575112148
8869,5.83036388620002
8870,5.48835712267944
8871,6.43307575253448
8872,1.45524684448014
8873,3.20403360813809
8874,6.6617904307228
8875,2.97619903654694
8876,3.39888294895937
8877,3.93054827806691
8878,7.8701729052746
8879,6.03364017408781
8880,1.38114400642282
8881,5.57017414719143
8882,5.2237651749807
8883,2.9329975778522
8884,-0.0308366938141127
8885,6.4404610846174
8886,6.30700396661521
8887,4.98869657452718
8888,5.09317879215088
8889,1.9890521305787
8890,3.14206242011623
8891,0.515770630451026
8892,5.00503558201419
8893,5.24891354021669
8894,4.55024207517542
8895,4.75007843453299
8896,2.29805132340906
8897,3.3487875618721
8898,5.44705998475618
8899,5.34658119370401
8900,4.49081184204902
8901,-2.11374677967565
8902,1.51241916188941
8903,5.57053699978392
8904,3.98227452998407
8905,3.7087574392738
8906,6.7880291054029
8907,4.54766594989106
8908,1.03164594865338
8909,0.169804943054946
8910,2.43352304559109
8911,2.58790695550578
8912,0.873510594787473
8913,6.11187294672215
8914,2.69724689804713
8915,5.65713549912333
8916,2.16291838675351
8917,6.20040297812494
8918,4.99969892258881
8919,2.81683614529111
8920,4.86618339991031
8921,6.18068445593339
8922,5.11800698158095
8923,6.01399065585045
8924,4.23292047917596
8925,0.488690528995822
8926,3.09169966919399
8927,4.99710030645701
8928,4.25186641803384
8929,5.24236840754041
8930,2.14283314689019
8931,2.81652860835509
8932,5.16128751105781
8933,4.10958090170223
8934,4.558076284753
8935,1.02023614685682
8936,4.41403025276309
8937,4.33216543520673
8938,4.35311490469663
8939,6.62572198501064
8940,5.53285916935887
8941,1.76431523046635
8942,2.57898504014336
8943,5.83457324136159
8944,3.67370036305194
8945,5.59549997707049
8946,4.53128176139478
8947,4.07248653784883
8948,2.04243575995518
8949,4.41702930647359
8950,5.4427997960213
8951,2.94043680639195
8952,3.22071357702928
8953,4.68100496410639
8954,4.96369263767342
8955,4.4864041177747
8956,3.2186642553213
8957,3.11419782877584
8958,2.72125696548939
8959,2.0988454586638
8960,1.54842325839098
8961,5.85752886296872
8962,3.03981537172137
8963,0.923452018754274
8964,7.02420524441266
8965,4.49224250031652
8966,3.82121488979352
8967,7.01095308763396
8968,5.70731938406443
8969,6.33286849372424
8970,3.77344839994148
8971,2.64940071985715
8972,1.95478889448687
8973,2.23650355804732
8974,3.11014594823641
8975,1.94184963198834
8976,4.54515671322466
8977,4.59547822503631
8978,5.18349011610666
8979,0.750799345823406
8980,5.68269423886114
8981,4.84058874085466
8982,-0.464656600186473
8983,0.807448252451585
8984,-0.469649740631264
8985,5.58768602023368
8986,5.47222566226791
8987,3.81200893996824
8988,1.26471468818999
8989,5.66869948312878
8990,5.3831765060769
8991,4.472543669071
8992,4.65014110910527
8993,1.47090191262593
8994,5.11825803914739
8995,1.65300270728531
8996,5.03062236366356
8997,5.05450782610872
8998,5.58545586456503
8999,5.106017229793
9000,2.69619171680413
9001,3.03385050977785
9002,5.48124707118574
9003,6.6053080510729
9004,2.13925439585412
9005,7.46208583434143
9006,-2.42104731593084
9007,5.06464973022742
9008,5.88395424443751
9009,5.77749594979511
9010,2.30555292050069
9011,1.96795512661301
9012,4.60506368635815
9013,5.50566783174818
9014,4.56346231135771
9015,1.4769885217494
9016,1.35000254346941
9017,3.03645990312991
9018,5.44634967333798
9019,5.25157649201477
9020,4.88973600055547
9021,6.52467702030325
9022,3.09642325947161
9023,6.54078324782085
9024,5.18768312408888
9025,7.6377903280502
9026,5.03545794433165
9027,5.40986440410465
9028,5.14582696110855
9029,-0.0229458669631599
9030,3.16175933503251
9031,5.64182277977245
9032,0.615765731417167
9033,3.83902945082148
9034,2.03824166705199
9035,5.41454711362757
9036,5.87638807112711
9037,3.66350816334375
9038,4.48919872019063
9039,0.742497976769678
9040,4.80209225412243
9041,4.08012821790644
9042,5.00590463628158
9043,2.11490693869266
9044,1.87097234446431
9045,0.440421131900364
9046,4.85573203820834
9047,3.01688671363591
9048,4.02444337627619
9049,2.85517312033483
9050,6.34295952072928
9051,4.9820205597036
9052,5.90040466485163
9053,4.58416218512419
9054,3.25441136118834
9055,0.791517244775227
9056,7.30601403413684
9057,5.49158240269462
9058,8.31571730081002
9059,5.19967166013877
9060,2.26193589578424
9061,2.43865491138786
9062,6.03654835006493
9063,6.25153703377141
9064,4.75542818417578
9065,1.58085462938845
9066,3.32488227753739
9067,2.20223068823267
9068,6.78002483722093
9069,5.45062685985783
9070,0.443442103822107
9071,2.46681547743707
9072,5.34137071552844
9073,5.91841920702459
9074,2.87390721826618
9075,4.28895655617065
9076,1.66863365985769
9077,2.49280101802912
9078,2.99040888951101
9079,6.16446981227602
9080,0.959017347835809
9081,4.07369921707086
9082,1.72158642727376
9083,1.75012794521695
9084,5.61798628083601
9085,2.28284318737455
9086,4.74762074598766
9087,6.48031079298867
9088,6.15290501127709
9089,0.731071012783403
9090,1.6147605140292
9091,2.12084449115179
9092,4.6482812794297
9093,3.59205995719716
9094,5.22860277403268
9095,1.90918381223058
9096,5.61995471658336
9097,1.68928883636309
9098,4.97647852973822
9099,6.50643271023848
9100,5.74545055884323
9101,3.44600198118631
9102,0.904357562160956
9103,3.68447626797919
9104,4.28065034026773
9105,2.39307340605954e-05
9106,4.86112513845358
9107,4.68027514356342
9108,6.47890081026423
9109,5.02853614569135
9110,3.37374949266582
9111,1.29856780481795
9112,5.25252006232405
9113,3.6776711955969
9114,4.35191705355682
9115,4.72226500033714
9116,4.84657932822056
9117,5.01011359236914
9118,4.14737359844762
9119,5.09973332063999
9120,4.09726795416278
9121,5.21503898813391
9122,5.50636629496575
9123,3.36960394450338
9124,3.22723273071279
9125,3.0460359098752
9126,2.87460943300465
9127,3.49304701691525
9128,1.07432315452512
9129,1.11014113896632
9130,0.584284204349825
9131,4.78632019715262
9132,2.78092415500567
9133,3.75437474143646
9134,4.54933225400337
9135,2.3527800264866
9136,4.73174557287927
9137,5.84214411586342
9138,2.26767727072386
9139,3.32552345886225
9140,5.17252397754502
9141,5.52406106522021
9142,3.33307746682759
9143,4.87713006798496
9144,7.58970405385459
9145,2.35584180621049
9146,5.05044956681751
9147,5.36000994146512
9148,6.62056306291117
9149,3.89632244116481
9150,-1.47830698495194
9151,5.44224251722607
9152,3.50915769193353
9153,4.38060496053152
9154,1.36511162672914
9155,1.41926544165565
9156,4.56902815249549
9157,5.05116503038796
9158,6.15320553560643
9159,5.67142666409351
9160,4.71156131556696
9161,1.54826363645109
9162,5.64383077011748
9163,3.70066367079871
9164,0.962826141155754
9165,6.96136852237917
9166,1.35831032202948
9167,-0.112900595945794
9168,1.42518662093337
9169,5.67242382820481
9170,1.00160992044781
9171,2.87628676062476
9172,2.29988591590131
9173,6.04074652173173
9174,5.5167863464498
9175,1.00119131504106
9176,4.26639960333034
9177,3.01887407584234
9178,4.54995860423732
9179,0.826610101987673
9180,3.28538336282515
9181,7.67837900898277
9182,4.51583029015769
9183,6.22634434520152
9184,1.92353767788852
9185,0.223971636979964
9186,6.01180441384076
9187,5.36171967643839
9188,1.39380058864683
9189,0.598536974375415
9190,5.97644935785834
9191,4.30952961773287
9192,4.44623680137822
9193,4.35817202544746
9194,3.64262543653089
9195,5.86996255331318
9196,3.36806380551331
9197,3.70901871572224
9198,1.66819065625154
9199,3.78728104255196
9200,3.87280544342165
9201,3.88706081627099
9202,3.59528833372675
9203,3.08474769906865
9204,-0.455071734295386
9205,5.89698339929069
9206,2.49426603845223
9207,0.900701262740681
9208,3.39892510890326
9209,1.27251330872581
9210,3.5403778455055
9211,6.13902901497132
9212,2.58451780108061
9213,5.22055000054547
9214,7.5183840259083
9215,4.50805088723051
9216,4.150239053618
9217,-0.217114303666021
9218,2.34430862139624
9219,3.43760153100277
9220,-0.140032731305089
9221,4.47858371344012
9222,4.06168824954678
9223,5.85445331708369
9224,1.74631245462133
9225,0.640591759714596
9226,6.19409435287404
9227,5.28317525962285
9228,2.34281132289962
9229,6.16039147179276
9230,2.0690877304133
9231,3.83046996699627
9232,1.90420542834402
9233,3.5661785961356
9234,6.55154599677986
9235,3.60618817990636
9236,4.38758603682331
9237,4.38682471182577
9238,7.01401727126868
9239,2.24786069517744
9240,7.96255606302851
9241,4.59752338829143
9242,5.67312763066816
9243,4.45277217318378
9244,1.12886704251717
9245,4.04120623198617
9246,1.17482865871989
9247,4.65128520031231
9248,5.0820790073656
9249,5.22158889861746
9250,2.90768127608853
9251,4.71695287015761
9252,5.57856171375168
9253,1.75448397372434
9254,5.12247170598591
9255,2.75747295844498
9256,3.79001125564705
9257,6.54079712577505
9258,-1.07589355365031
9259,6.21971574704148
9260,6.26132388402032
9261,6.83107578461649
9262,1.45648720895688
9263,3.36280534694692
9264,2.45930290683905
9265,5.57614173666546
9266,6.21187479605037
9267,1.40984547849777
9268,3.99364753077069
9269,4.84868252960654
9270,-0.425837541648324
9271,2.58483001368664
9272,2.79313437621018
9273,2.87921230645765
9274,5.97660164851699
9275,6.76603573241865
9276,5.98011865239776
9277,1.91774608105083
9278,4.78009984932059
9279,4.65194940796174
9280,4.59633988416585
9281,6.44276826832995
9282,6.89880578491065
9283,5.90897815756674
9284,4.39297906098501
9285,1.11984251253902
9286,4.11575157347248
9287,1.79724629112329
9288,3.65909478653867
9289,-0.234185202328846
9290,4.23498092618753
9291,4.61663581930909
9292,6.93656015573619
9293,3.89428679194827
9294,6.14818840771068
9295,0.509619306758715
9296,1.61715926211395
9297,4.99367371675078
9298,3.94244841450136
9299,0.617374049185575
9300,6.06757194598527
9301,5.94700591714383
9302,1.35213224389469
9303,2.14319855225641
9304,4.41278123972732
9305,4.10484179660671
9306,3.03006227586644
9307,8.01458947971493
9308,5.92220222000406
9309,3.77308210694003
9310,3.67539100232848
9311,4.77392025558741
9312,6.48910668141181
9313,5.29947592682509
9314,5.52114333443182
9315,5.47077773051444
9316,2.19217946702688
9317,5.66882550760166
9318,2.79553593909685
9319,4.59192010092398
9320,3.80080576658339
9321,2.98321583622513
9322,-1.2114005603983
9323,4.16662233259193
9324,3.65786978798372
9325,4.78323673650097
9326,6.24878701277442
9327,2.1428949240395
9328,2.86810181012135
9329,4.60534175274591
9330,5.53899257761528
9331,-0.299885191755771
9332,4.39251940277314
9333,6.29909049533615
9334,4.69325010481785
9335,2.46216729598225
9336,3.8212285722297
9337,2.8964072414181
9338,5.71773793961132
9339,4.95369312217359
9340,6.7619098801719
9341,7.50503787458527
9342,3.10442539078946
9343,5.43056688227231
9344,6.40370072505427
9345,6.24124486388475
9346,0.772339436375985
9347,0.389986613774914
9348,4.74437939044113
9349,3.93131751306402
9350,5.13545868118321
9351,5.34049830353634
9352,6.70858424233663
9353,6.1962535644157
9354,5.43332278915829
9355,6.6377931745338
9356,1.43466807818024
9357,5.67055442429314
9358,5.34524064465722
9359,1.32475405179916
9360,5.28975484163179
9361,1.03107690160239
9362,4.94334937385377
9363,5.2660260717742
9364,4.9732524285608
9365,1.34009108994631
9366,3.67889073573849
9367,3.20527829066892
9368,6.10296265624519
9369,1.37896264270236
9370,6.33358596377177
9371,3.09694493845357
9372,4.35272662960786
9373,6.89256137605407
9374,6.79571411323024
9375,5.37651674385039
9376,4.662827340269
9377,5.50424570623925
9378,1.05519775726307
9379,3.58990235613112
9380,5.41719959632246
9381,3.56478097035793
9382,5.75073975812882
9383,3.6951983465312
9384,1.04784514130586
9385,0.727533713469123
9386,3.77104630180314
9387,2.40508666166171
9388,5.12153649082722
9389,0.859304301330488
9390,6.77523968399382
9391,3.92760756290523
9392,1.9907201110627
9393,3.06144337652832
9394,4.4683974895399
9395,0.929835180109389
9396,6.71200094043617
9397,4.96041792510568
9398,4.45187516575049
9399,1.79714097025969
9400,-0.389371583745857
9401,5.61316032624365
9402,2.18588724056784
9403,5.463357633488
9404,4.25355132003015
9405,0.744370646260943
9406,5.27138944827851
9407,1.89082226984043
9408,0.726960964438306
9409,3.45933368527599
9410,4.639641589233
9411,5.46512916163838
9412,2.91633389502947
9413,3.17271857727095
9414,1.5655746051003
9415,2.30969507948613
9416,3.16916971830549
9417,5.89311792463521
9418,4.86442846867818
9419,0.292712279486439
9420,1.24592702664219
9421,1.85708276896105
9422,2.67443118005572
9423,1.22315812610877
9424,5.22576176142482
9425,6.02196196393111
9426,2.83039277456587
9427,7.05468881379652
9428,2.28727639728881
9429,0.604806723061325
9430,3.88272531209685
9431,4.67678729093868
9432,6.45471409985317
9433,6.78931001769556
9434,6.16924588622408
9435,2.17564803844894
9436,6.09868503581441
9437,7.451630819858
9438,5.24669473341007
9439,4.76080847712169
9440,3.42140875364669
9441,0.625874621850738
9442,0.481230462678758
9443,7.56923547358846
9444,4.08514064645399
9445,7.86175480578915
9446,5.39395776457806
9447,6.27962343430125
9448,4.80609432160387
9449,2.98533984021673
9450,0.779398568884918
9451,4.57829604363885
9452,5.13224519144062
9453,6.02743593177699
9454,0.982693440784618
9455,1.42760768355211
9456,0.352536413200202
9457,3.28459108563327
9458,5.46301223593054
9459,6.34272500125204
9460,6.14034800559508
9461,5.49737909499705
9462,2.59833799084887
9463,6.5789514103871
9464,3.21817631074495
9465,4.76110311633802
9466,3.22317505764435
9467,5.69576011032078
9468,3.71795477634651
9469,2.9048832970058
9470,2.38701304668457
9471,3.95510933993537
9472,5.14601668298576
9473,5.24922891815421
9474,6.70860100981657
9475,4.51890981680755
9476,6.64572530983535
9477,4.25171161849027
9478,4.93166014341028
9479,1.66520190427425
9480,2.72617528433883
9481,5.8361372775564
9482,2.9605769086589
9483,5.75360870824057
9484,5.06326216526632
9485,6.21580625389695
9486,4.26663043025028
9487,6.70026636356423
9488,1.8023797138699
9489,5.37729914010446
9490,5.98776936114605
9491,4.31687265823126
9492,5.36009899680885
9493,4.83523034618177
9494,5.72243107128589
9495,4.42645325166758
9496,2.46746084132155
9497,0.578523153870974
9498,4.65117895656797
9499,-0.345972814820692
9500,5.70519657860949
9501,6.9212222623269
9502,4.34204949509572
9503,5.86582069152295
9504,5.72564928598509
9505,2.05038131007344
9506,3.32295933850318
9507,2.19321949777575
9508,1.05119997332432
9509,1.02432107204834
9510,1.35624457138686
9511,6.04379726692081
9512,1.80695559501452
9513,5.17353027628821
9514,4.76316953455572
9515,6.24624857243269
9516,3.82289133322596
9517,2.47866030979646
9518,1.85306444349679
9519,5.91942903953846
9520,-0.373117204977273
9521,6.7486355711772
9522,5.32903069000711
9523,5.03402982024408
9524,-0.432627196480988
9525,3.78338172074843
9526,6.97716122871257
9527,0.935427578373824
9528,3.502712714135
9529,5.95742780306074
9530,4.12256215182123
9531,3.97485134101414
9532,6.74320070594469
9533,3.58598963130274
9534,4.32891463001307
9535,1.49932655302868
9536,2.02652314814288
9537,0.479843736364051
9538,5.35376146066934
9539,4.2220612560546
9540,5.68028940982211
9541,1.46143558178377
9542,4.81610972563941
9543,1.09042290726152
9544,0.961598470376907
9545,2.24182927041203
9546,3.6499578810274
9547,5.74120003436205
9548,3.09826124095698
9549,5.3823652237629
9550,4.00357082766252
9551,3.44149037141665
9552,1.18896968317531
9553,6.86135183636415
9554,2.14126625954182
9555,0.195841765382631
9556,2.58500471668679
9557,3.51312533506716
9558,3.46989467620544
9559,2.66177250757034
9560,5.88566945872995
9561,4.79466602652853
9562,5.14135757696296
9563,4.12597300054542
9564,5.58834263575998
9565,4.82781748824598
9566,5.89413236094303
9567,0.822495732004054
9568,5.42982279359295
9569,5.31776997572848
9570,1.74924238666051
9571,5.58795156746933
9572,3.3195969592602
9573,5.1763183372508
9574,-0.74308805433621
9575,2.38173538907376
9576,2.23734867570543
9577,0.648909998591277
9578,-0.703916289777147
9579,5.45443331628704
9580,5.84353944141089
9581,1.38370019058376
9582,0.356406493823084
9583,1.18296376244632
9584,4.25903568720625
9585,1.03544855175682
9586,5.22076810383136
9587,4.6176399325254
9588,5.10854608549951
9589,7.13385900933552
9590,0.198800063817477
9591,0.290049738142853
9592,1.32424494892657
9593,-0.708117440476544
9594,1.11785886533983
9595,5.39479204194452
9596,4.56622607799431
9597,3.99387519933793
9598,4.17106871266551
9599,6.4322655317323
9600,4.09912908154708
9601,1.91704419613821
9602,1.1442637763831
9603,5.40830142250058
9604,4.67108620335713
9605,4.84984466890196
9606,5.80656526639442
9607,1.8409841896688
9608,5.73382434795214
9609,0.165669294404933
9610,2.21529074598947
9611,5.66670737161877
9612,2.24184402297505
9613,0.230423521474739
9614,0.743702889164161
9615,4.5968442788757
9616,3.96233295683783
9617,5.42813484666799
9618,5.18001890057827
9619,0.732234235384515
9620,1.01021644042887
9621,2.99427480870697
9622,5.28210301444676
9623,3.70395937008048
9624,1.41711754893771
9625,1.80920833268717
9626,4.7819148715529
9627,-0.149419316027569
9628,3.26853920984898
9629,4.70009045284654
9630,0.278144784995118
9631,4.9894570981352
9632,5.4241405152957
9633,5.3714709879905
9634,5.32634612621797
9635,2.58150779724316
9636,4.97533359735113
9637,3.03784471147691
9638,1.36208050658715
9639,1.88926262120472
9640,4.98952312819263
9641,4.56068024704101
9642,2.46044304255592
9643,3.34349190459094
9644,4.69492003859574
9645,-0.606852870774034
9646,4.97164412260679
9647,5.15302458897303
9648,2.43110148964488
9649,1.78736611292387
9650,2.76663974337623
9651,6.62470451575008
9652,5.98657256808208
9653,3.67629955036935
9654,5.11174265042986
9655,1.52054863161147
9656,3.95996277644799
9657,5.06965077639401
9658,3.1079728839843
9659,0.125051635045789
9660,1.47644379440457
9661,4.26152888535038
9662,1.71064025786495
9663,5.95057714612386
9664,4.27477288669418
9665,6.20848173195144
9666,4.94178896655677
9667,5.01857809171265
9668,0.319163674340842
9669,4.39310506953384
9670,4.49950599344734
9671,5.58959037275229
9672,6.23711971280185
9673,2.55666147822682
9674,3.27403060367748
9675,6.10378579769925
9676,7.67563708496603
9677,6.06151340525045
9678,6.20929230201116
9679,0.976382173124658
9680,6.3930408030459
9681,4.86038821689221
9682,4.4822289116025
9683,0.667027523633963
9684,1.51719025517759
9685,0.377795324442359
9686,3.04646849344629
9687,3.36323433657678
9688,1.90193017636255
9689,0.686008384133555
9690,3.23831056334695
9691,0.926136726467808
9692,5.04442970901813
9693,2.55081871349594
9694,5.50391992935222
9695,7.40837464604841
9696,5.06501319689467
9697,2.24510014186738
9698,-0.268387461519941
9699,4.97670265543031
9700,4.63467594630591
9701,-0.115156295825629
9702,4.48606429192752
9703,5.29484011238811
9704,3.78302732209938
9705,5.70622804663361
9706,4.06636744736729
9707,2.13196281681277
9708,8.21286953932725
9709,4.44825706534495
9710,7.64204891745056
9711,7.74927028711535
9712,2.09636739813932
9713,5.32661932248537
9714,5.23068241176261
9715,3.02445170527049
9716,5.57914066452106
9717,4.09021160269634
9718,6.25173063637193
9719,6.70209952995018
9720,1.04602284567733
9721,5.82485975625618
9722,1.45260249526087
9723,4.62692340043366
9724,3.11401709772429
9725,5.03014886538336
9726,6.73017058697792
9727,1.81385049320639
9728,5.93176221258695
9729,7.08957250289198
9730,4.89990019038837
9731,5.50918801350815
9732,4.27540236616111
9733,6.46291665423574
9734,7.46795572061899
9735,4.02090833612062
9736,3.46972130421814
9737,2.02807151743391
9738,3.00784426507746
9739,0.598217171270066
9740,0.274768968387666
9741,2.30113129716965
9742,3.94042688765007
9743,3.11023760112596
9744,4.13345415462074
9745,2.62125689950907
9746,4.79354137486519
9747,-1.7951578497237
9748,-0.200584201075322
9749,3.14980047244084
9750,3.45533646558835
9751,5.91303262291232
9752,3.19277497948049
9753,3.15305447430618
9754,2.14879900510926
9755,5.16662018708466
9756,1.06454729346536
9757,4.14642854194619
9758,4.84890212025333
9759,5.47795845112354
9760,0.517844638853286
9761,2.61323333066335
9762,2.06893877356327
9763,3.49582548786417
9764,4.2772324775783
9765,5.86645014573255
9766,5.99229172173135
9767,6.21555758220356
9768,1.17432629191051
9769,1.90173063283708
9770,2.39759259291707
9771,2.29052540166346
9772,0.433709812609931
9773,2.85269329959646
9774,4.79266818676601
9775,4.88238447649298
9776,5.35058883337575
9777,5.30517486757903
9778,6.2652748546359
9779,2.49958203859081
9780,3.87639342906105
9781,5.76665430000902
9782,4.21514462363841
9783,6.18444160267172
9784,3.87415010080907
9785,1.24242013887075
9786,0.416301430193395
9787,2.69280281479685
9788,2.30217524345701
9789,6.29348450423955
9790,5.13662149171953
9791,2.52090757854739
9792,3.85955912872892
9793,1.25996005103833
9794,5.27507581799616
9795,5.41834772818578
9796,5.99041623796795
9797,2.00398838823318
9798,3.33224953815001
9799,4.41230981321339
9800,0.297859824931883
9801,5.17271617589297
9802,3.34484654702261
9803,4.01404168377131
9804,1.84723351342545
9805,5.53846784473513
9806,6.57712360355362
9807,5.60012233500939
9808,3.93755522696915
9809,4.9187531204098
9810,3.16727823620038
9811,1.31184385418531
9812,5.01740486906877
9813,3.609153231353
9814,6.02989551169112
9815,5.39517320478487
9816,1.78429033447483
9817,3.01498205113715
9818,4.8697991355133
9819,4.98375075532804
9820,4.53275316834578
9821,3.06867151813268
9822,1.56923158414497
9823,3.11774083595286
9824,1.31765506935259
9825,6.5928141800036
9826,1.0813861399838
9827,5.70865586314344
9828,-0.26793012401487
9829,3.05584464085673
9830,-1.6839937404921
9831,0.355039284879151
9832,1.45955594887377
9833,3.11824247508797
9834,2.99677299374224
9835,3.50523199748201
9836,1.05318925233828
9837,6.09326036041839
9838,1.55000259346083
9839,6.34067994614191
9840,4.62022890014202
9841,5.76256860181127
9842,3.64834675691108
9843,2.74132161668792
9844,5.44886781330253
9845,5.10273879524811
9846,7.2627192790949
9847,4.11329583450431
9848,-1.22204520986322
9849,2.49820729044822
9850,6.1201247471473
9851,2.40389469887663
9852,3.02740306972607
9853,5.33344986170675
9854,2.37259429061607
9855,3.9643533774243
9856,1.8736425919697
9857,5.44527649791173
9858,5.47023147734758
9859,1.314466222705
9860,0.610880013018015
9861,4.73781577053566
9862,5.73154832042797
9863,0.91033079184013
9864,4.96709922750898
9865,6.55645074591561
9866,4.4487365962294
9867,1.50490463618295
9868,2.81398188511277
9869,8.79141988163288
9870,0.614996647762711
9871,3.04940344959328
9872,3.37173298653742
9873,1.33214915912613
9874,6.56575732140011
9875,2.98534499838439
9876,1.14914331109584
9877,2.82266343427771
9878,3.9556501748105
9879,5.30644959273008
9880,2.90419254499826
9881,3.03111597059727
9882,0.800835673251775
9883,5.31128606748578
9884,1.72124726597571
9885,1.42636741447561
9886,6.52167027436866
9887,5.13598798364211
9888,4.33017309671366
9889,3.96211912344856
9890,5.12581654089502
9891,-0.111918150387121
9892,4.53403551433462
9893,-0.812336243823739
9894,5.88830890866108
9895,5.80057405306477
9896,1.54447316228346
9897,4.83195939494433
9898,1.48055012801079
9899,2.62051857772433
9900,1.07826143531979
9901,6.00194627538722
9902,7.50768649744899
9903,3.98309766269524
9904,4.09074851422738
9905,3.46930885604846
9906,0.361388744263824
9907,2.46238664150971
9908,-0.674636507525741
9909,3.11957160422312
9910,2.00703248195572
9911,3.14902286320077
9912,5.24333606198137
9913,3.59166813933687
9914,3.33499112099553
9915,1.32233518753605
9916,6.12128347568782
9917,0.58514543203388
9918,7.6314993309926
9919,5.64573364853874
9920,3.69737745316891
9921,5.62152658610013
9922,6.03219510448309
9923,6.88536566093678
9924,5.3993097381207
9925,-0.50535673432305
9926,2.76290762445814
9927,1.82430878403451
9928,3.08967685916283
9929,2.11713022461947
9930,2.90073777903015
9931,3.74936999480735
9932,3.5017312181934
9933,3.20958827503987
9934,0.913617957515594
9935,3.8998166674638
9936,1.41912466750915
9937,9.27358689123764
9938,6.99440560833897
9939,2.29348069499979
9940,0.510117615404699
9941,6.06857556560077
9942,1.2001195506743
9943,3.80106764722727
9944,3.46533761716551
9945,5.33041010078264
9946,2.14248470326334
9947,1.82473481130156
9948,0.441195427090225
9949,4.81782437019423
9950,0.739216751714118
9951,4.97037508315622
9952,-0.0908126883370044
9953,5.82339110334479
9954,0.653514270292833
9955,2.13402305522876
9956,5.25558072186606
9957,4.23623368141921
9958,0.363612222382453
9959,0.820466076083763
9960,4.90163533895077
9961,3.48958832781933
9962,0.288967904856098
9963,4.1043755216949
9964,3.95313272581709
9965,4.32793310466947
9966,5.48659106962659
9967,6.10239916600324
9968,1.98054919500021
9969,5.22655772326276
9970,5.57048582772606
9971,5.2639396068471
9972,3.34241496571861
9973,5.92951260333309
9974,6.25908170515989
9975,5.31837070438101
9976,5.17216087868433
9977,6.76016703127788
9978,2.30684718183059
9979,5.7042163998738
9980,5.02223259066527
9981,5.83938269989789
9982,0.812104923855401
9983,8.1331777245968
9984,3.26781659947047
9985,4.92112325715409
9986,4.02497081251956
9987,6.30248739245227
9988,4.8003490026133
9989,2.83610333610402
9990,7.22813625442913
9991,5.14873685792915
9992,5.44189714742643
9993,4.27525665075182
9994,8.65087695196976
9995,3.71351535001739
9996,6.9798604414196
9997,-0.65370453501237
9998,7.69543531673908
9999,5.8500152888199
10000,5.21080242793364
10001,5.32526795462587
10002,3.08835900774656
10003,1.13520191842956
10004,4.57866412436124
10005,1.58421015244549
10006,1.38865453648376
10007,6.19557767861817
10008,1.48644217047359
10009,0.863755774011334
10010,4.85689739753163
10011,3.35532645253304
10012,0.557298861295541
10013,6.21489356653615
10014,2.01649909300156
10015,5.70177444322882
10016,3.7578326922591
10017,4.87492398058514
10018,3.04210862916021
10019,5.07636779636051
10020,3.74088216137078
10021,4.55297666310862
10022,1.06702273421146
10023,6.23400826931826
10024,0.541804421842264
10025,4.38963724549622
10026,4.59200308164893
10027,6.63389764913675
10028,2.05906888286988
10029,4.37883806215868
10030,5.55311763997812
10031,2.08613735245397
10032,4.94107694541822
10033,6.95769425135932
10034,4.3911819043929
10035,0.0133434395984948
10036,5.94424264038632
10037,0.256457341696006
10038,4.34892918940547
10039,3.20228370179748
10040,7.12605027859566
10041,-0.122650569727213
10042,3.0693141445733
10043,0.647592057157163
10044,5.25773758278395
10045,3.42787918752111
10046,5.53559220934879
10047,5.6273859581141
10048,3.64803620595999
10049,5.75036234702429
10050,4.35229626719215
10051,3.31507879576387
10052,2.6590892820089
10053,3.66401851091829
10054,2.40227586059565
10055,0.306961969972634
10056,5.5159602883708
10057,3.30906503175269
10058,3.27004185337827
10059,1.61896005716743
10060,7.20457852419963
10061,3.59908687768146
10062,4.47172852752633
10063,6.40178856594161
10064,5.50574559827272
10065,3.02589997716517
10066,3.11528970764529
10067,-0.382394623224128
10068,5.88907284862421
10069,2.17224845902665
10070,1.54494692955116
10071,5.93646281919839
10072,5.02447526834551
10073,3.28180229039053
10074,4.45635475231544
10075,6.6488163930799
10076,3.7744236035506
10077,4.49482653909425
10078,5.0912197423756
10079,6.03292328291955
10080,1.83252637300128
10081,5.64752891200709
10082,4.32436269452453
10083,2.76481910806452
10084,7.49669912460721
10085,3.94958252746697
10086,4.01243561289362
10087,5.80556773417746
10088,5.80981277531579
10089,4.44397505211797
10090,4.75085596158269
10091,3.68163684339341
10092,4.49940423376769
10093,6.44478323591092
10094,2.32950132664985
10095,0.89623592940973
10096,1.09603821991158
10097,0.663250059598801
10098,0.936247070090423
10099,6.47151215143492
10100,-0.568245140135213
10101,5.83567793155273
10102,1.63805204838448
10103,5.01878045186684
10104,7.28744578484919
10105,4.5095846293305
10106,4.95887078556323
10107,1.17706188668701
10108,0.99543547932544
10109,5.11482705248965
10110,1.26049436049011
10111,2.88069035190463
10112,3.39593582054421
10113,4.048379487391
10114,1.93915877638915
10115,4.95167192150685
10116,5.20893188148888
10117,3.61383595929058
10118,5.24087826920481
10119,3.90553114380436
10120,6.48143085716988
10121,3.25121072489721
10122,5.22174455588281
10123,4.298641619877
10124,1.4631831854178
10125,1.46294233881057
10126,4.16913976356825
10127,4.52980825239915
10128,3.02013389269311
10129,4.97792504788991
10130,2.15467102788999
10131,5.11275638659117
10132,0.0665732687914984
10133,2.48874473216628
10134,6.89299176373987
10135,0.00700915170408978
10136,6.84035796059359
10137,4.68980660736557
10138,3.36271285500919
10139,2.21935073070589
10140,3.71939464121841
10141,5.69710922387836
10142,8.05631164263785
10143,6.14433313581637
10144,2.9818261111014
10145,1.08736188847291
10146,3.85239856960556
10147,5.46593333220271
10148,5.42672964215627
10149,6.05251299535674
10150,3.81040724945387
10151,0.761956623804181
10152,4.07547926389341
10153,2.84383298909409
10154,4.36321688472118
10155,4.06386843669096
10156,1.64518196801889
10157,1.67251859268155
10158,2.74011089526605
10159,1.79082279169116
10160,3.96036585761361
10161,6.66682599874521
10162,5.82314916073938
10163,2.8526925405416
10164,5.22532762493549
10165,0.998281664848529
10166,4.25717052484686
10167,4.96156383485564
10168,6.14635914591311
10169,5.13270291399047
10170,6.38174006978613
10171,2.65313073239648
10172,1.68328645897392
10173,0.650992819836001
10174,4.68451026152494
10175,3.75784962134656
10176,8.01411145283914
10177,4.74471719767167
10178,6.2256979177203
10179,3.52382389060711
10180,5.97538980443376
10181,3.14374947245663
10182,3.8601134738848
10183,3.74256514368464
10184,4.67855862127566
10185,2.95402401248074
10186,5.23042996890413
10187,1.63482087573596
10188,5.95410444580787
10189,4.00813860800225
10190,2.5702679103039
10191,5.49533507415035
10192,1.13699298323031
10193,6.04674220786067
10194,1.74532647871057
10195,3.97896327530681
10196,6.49807548270037
10197,4.71812819781888
10198,1.70563549872868
10199,-0.0686217199264547
10200,5.26658964998966
10201,5.4257278855686
10202,5.86932625159111
10203,3.94386218696047
10204,4.06795807277431
10205,3.88277019532842
10206,4.85088262596623
10207,4.57976432216366
10208,7.36329930698696
10209,0.523181931997078
10210,4.97713250445143
10211,2.02296486690254
10212,4.74698325657951
10213,7.72923701298686
10214,0.788196920470584
10215,4.77950900506955
10216,0.930692847333155
10217,2.67068880025193
10218,3.56058931313982
10219,0.568618286902453
10220,5.72562847350015
10221,3.06367174536691
10222,5.91682741041606
10223,5.63354189408482
10224,5.51289057667882
10225,3.87085893906909
10226,4.12352784385857
10227,0.849050536885459
10228,2.82394354611235
10229,5.84455083750648
10230,2.44910024984716
10231,6.04033117936621
10232,2.71446101192612
10233,6.40026339312373
10234,0.435364971756743
10235,-1.66814264179316
10236,1.84400850713275
10237,5.13557278297609
10238,4.54919095287833
10239,0.26001001721224
10240,5.56622799266986
10241,6.4107589172486
10242,1.45828991057973
10243,1.04157889016786
10244,0.443190338391431
10245,1.82717666774148
10246,4.90968763255681
10247,4.15744321556748
10248,0.970676841690119
10249,2.21604586711596
10250,6.81811319429014
10251,5.86154722644642
10252,3.95023774830255
10253,3.7392802058648
10254,5.58652511082465
10255,3.72391628562603
10256,4.79933153794335
10257,3.09819983727909
10258,5.43011087427291
10259,4.23796856186465
10260,5.29410031309591
10261,1.62912754787228
10262,6.36136473193736
10263,4.18281078802565
10264,3.04856695620563
10265,7.32619349282643
10266,5.47044640148861
10267,5.14456547316164
10268,2.56578827160923
10269,0.564360473148306
10270,6.20687150023916
10271,4.24352529282724
10272,5.74314024089292
10273,5.23642033527347
10274,5.70881302665291
10275,4.66954180953902
10276,5.4531332480192
10277,6.83369350130134
10278,4.1054026137092
10279,4.53069628570172
10280,0.541681100070635
10281,3.0977416621578
10282,0.910959096529366
10283,8.17572241341886
10284,0.599024648345279
10285,3.78199632708547
10286,4.62356884058305
10287,1.51931958715462
10288,2.32493101668261
10289,6.2817719484339
10290,6.20070640379917
10291,7.1420666425113
10292,0.343536614154776
10293,6.54391517030223
10294,1.63483396164127
10295,1.37157663441809
10296,1.82600976990242
10297,4.37900570100648
10298,5.3575943319389
10299,5.64708820357556
10300,6.52917097932674
10301,8.52659395437095
10302,-0.33871645790718
10303,4.02267396640747
10304,7.51298344788932
10305,0.737899201728779
10306,6.05628704770743
10307,4.51746244061885
10308,6.05447266565397
10309,6.31188832030149
10310,2.78581825352088
10311,5.14884763881106
10312,1.21454256238268
10313,1.87869661035004
10314,0.628528966195242
10315,4.86990034607272
10316,2.94651985228141
10317,4.06140074775202
10318,6.34734291596402
10319,1.98191278577595
10320,4.21247940533215
10321,7.09897254336281
10322,1.34027835666737
10323,0.78435221809139
10324,0.742274488935018
10325,0.379467705378262
10326,3.2991115229274
10327,7.09589865631273
10328,5.86755474672268
10329,4.0382346778582
10330,0.768378230687007
10331,3.47536557333568
10332,4.57183117096358
10333,0.413273281125178
10334,1.56606012482324
10335,5.65880498837733
10336,4.69815744454531
10337,5.04152887861006
10338,4.91219216494298
10339,6.01895559283871
10340,-0.503037589114005
10341,6.97921398912706
10342,4.98708021355727
10343,2.50733920549396
10344,3.83211405398659
10345,1.17112240009566
10346,4.83625374809404
